Workbook

Sheet 2025 Ytd Pallet başı maliyet
E4: Birim Fiyat | F4: BOSNA | G4: GÜRCİSTAN | H4: MAKEDONYA | I4: KOSOVA | J4: BELÇİKA | K4: HOLLANDA
E5: INBOUND | F5: 1.41 | G5: 4 | H5: 1.6 | I5: 1.7 | J5: 5.91 | K5: 3
E6: OUTBOUND | F6: 1.41 | G6: 5 | H6: 1.6 | I6: 1.7 | J6: 5.91 | K6: 3
E7: STORAGE | F7: 0.26 | G7: 0.45 | H7: 0.2 | I7: 0.22 | J7: 0.4 | K7: 0.65
E8: TRANSPORTATION | F8: 15 | G8: 26 | H8: 15 | I8: 15 | J8: =192.48/4 -> 48.12 | K8: 38
E10: Hacim | F10: 33 | G10: 33 | H10: 33 | I10: 33 | J10: 33 | K10: 33
E13: Toplam Tutar | F13: BOSNA | G13: GÜRCİSTAN | H13: MAKEDONYA | I13: KOSOVA | J13: BELÇİKA | K13: HOLLANDA
E14: INBOUND | F14: =F5*$G$10 -> 46.53 | G14: =G5*$G$10 -> 132 | H14: =H5*$G$10 -> 52.8 | I14: =I5*$G$10 -> 56.1 | J14: =J5*$G$10 -> 195.03 | K14: =K5*$G$10 -> 99
E15: OUTBOUND | F15: =F6*$G$10 -> 46.53 | G15: =G6*$G$10 -> 165 | H15: =H6*$G$10 -> 52.8 | I15: =I6*$G$10 -> 56.1 | J15: =J6*$G$10 -> 195.03 | K15: =K6*$G$10 -> 99
E16: STORAGE | F16: =F7*$G$10*10 -> 85.8 | G16: =G7*$G$10*10 -> 148.5 | H16: =H7*$G$10*10 -> 66 | I16: =I7*$G$10*10 -> 72.6 | J16: =J7*$G$10*10 -> 132 | K16: =K7*$G$10*10 -> 214.5
E17: TRANSPORTATION | F17: =F10*F8 -> 495 | G17: =G10*G8 -> 858 | H17: =H10*H8 -> 495 | I17: =I10*I8 -> 495 | J17: =J10*J8 -> 1587.96 | K17: =K10*K8 -> 1254
E18: Toplam | F18: =SUM(F14:F17) -> 673.86 | G18: =SUM(G14:G17) -> 1303.5 | H18: =SUM(H14:H17) -> 666.6 | I18: =SUM(I14:I17) -> 679.8 | J18: =SUM(J14:J17) -> 2110.02 | K18: =SUM(K14:K17) -> 1666.5
E20: Palet Başı Maliyet | F20: =F18/F10 -> 20.42 | G20: =G18/G10 -> 39.5 | H20: =H18/H10 -> 20.2 | I20: =I18/I10 -> 20.6 | J20: =J18/J10 -> 63.94 | K20: =K18/K10 -> 50.5

Sheet 2025-Breakdown
E2: 2025
E4: Lojistik Maliyet | F4: MAKEDONYA | G4: KOSOVA | H4: BELÇİKA | I4: HOLLANDA(B2B) | J4: KAZAKİSTAN
E5: Depo | F5: 8687 | G5: =G7-G6 -> 83154 | H5: 70767 | I5: =I7*0.45 -> 85969.35 | J5: =J7*0.45 -> 266679 | K5: =J5/J7*K7 -> 1.5748118e+08
E6: İç Nakliye | F6: 8236 | G6: 65630 | H6: 69405 | I6: =I5*0.45 -> 38686.208 | J6: =J7*0.55 -> 325941 | K6: =J6/J7*K7 -> 1.92477e+08
E7: Toplam | F7: =SUM(F5:F6) -> 16923 | G7: 148784 | H7: =SUM(H5:H6) -> 140172 | I7: =34068+156975 -> 191043 | J7: 592620 | K7: 349958183
E9: Satış | F9: 566073 | G9: 3045890 | H9: 1895368 | I9: 949524 | J9: 7309566
E10: Depo | F10: =F5/F9 -> 0.015346077 | G10: =G5/G9 -> 0.027300395 | H10: =H5/H9 -> 0.037336813 | I10: =I5/I9 -> 0.090539418 | J10: =J5/J9 -> 0.036483561
E11: İç Nakliye | F11: =F6/F9 -> 0.01454936 | G11: =G6/G9 -> 0.021547068 | H11: =H6/H9 -> 0.036618219 | I11: =I6/I9 -> 0.040742738 | J11: =J6/J9 -> 0.044591019
E12: Toplam | F12: =F7/F9 -> 0.029895438 | G12: =G7/G9 -> 0.048847463 | H12: =H7/H9 -> 0.073955031 | I12: =I7/I9 -> 0.20119871 | J12: =J7/J9 -> 0.081074581

Sheet hollanda icmal
A1: Loc | B1: Item | C1: Jan | D1: Feb | E1: Mar | F1: Apr | G1: May | H1: Jun | I1: Jul | J1: Aug | K1: Sep | L1: Oct | M1: Nov | N1: Dec | O1: 2025 Total
B2: Space | C2: =SUM(C3:C5) -> 5931 | D2: =SUM(D3:D5) -> 10958 | E2: =SUM(E3:E5) -> 12842 | F2: =SUM(F3:F5) -> 30354 | G2: =SUM(G3:G5) -> 26329 | H2: =SUM(H3:H5) -> 30311 | I2: =SUM(I3:I5) -> 33774 | J2: =SUM(J3:J5) -> 0 | ... N2: =SUM(N3:N5) -> 0 | O2: =SUM(C2:N2) -> 150499
A3: B2C | B3: Storage B2C | C3: 2452 | D3: 3311 | E3: 2852 | F3: 3776 | G3: 3199 | H3: 3363 | I3: 4180 | O3: =SUM(C3:N3) -> 23133
A4: B2B | B4: Storage B2B (Carton Location) | C4: 0 | D4: 0 | E4: 0 | G4: 0 | H4: 0 | I4: 0 | O4: =SUM(C4:N4) -> 0
A5: B2B | B5: Storage B2B (Pallet Location) | C5: 3479 | D5: 7647 | E5: 9990 | F5: 26578 | G5: 23130 | H5: 26948 | I5: 29594 | O5: =SUM(C5:N5) -> 127366
B6: Inbound Labour Charges | C6: =SUM(C7:C9) -> 13115 | D6: =SUM(D7:D9) -> 2312 | E6: =SUM(E7:E9) -> 1480 | F6: =SUM(F7:F9) -> 5368.52 | G6: =SUM(G7:G9) -> 3072 | H6: =SUM(H7:H9) -> 38.07 | I6: =SUM(I7:I9) -> 79 | J6: =SUM(J7:J9) -> 0 | ... N6: =SUM(N7:N9) -> 0 | O6: =SUM(C6:N6) -> 25464.59
A7: B2B | B7: Inbound B2B - Per Carton | C7: 5100 | D7: 474 | E7: 781 | F7: 2541 | G7: 1776 | H7: 38.07 | I7: 0 | O7: =SUM(C7:N7) -> 10710.07
A8: B2B | B8: Inbound B2B - Per Pallet | C8: 0 | D8: 0 | E8: 0 | F8: 0 | G8: 0 | H8: 0 | I8: 0 | O8: =SUM(C8:N8) -> 0
A9: B2C | B9: Inbound B2C - Per Unit | C9: 8015 | D9: 1838 | E9: 699 | F9: 2827.52 | G9: 1296 | H9: 0 | I9: 79 | O9: =SUM(C9:N9) -> 14754.52
B10: Outbound Labour Charges | C10: =SUM(C11:C13) -> 7901 | D10: =SUM(D11:D13) -> 7360 | E10: =SUM(E11:E13) -> 6434 | F10: =SUM(F11:F13) -> 9543 | G10: =SUM(G11:G13) -> 5132 | H10: =SUM(H11:H13) -> 1992.25 | I10: =SUM(I11:I13) -> 2276 | J10: =SUM(J11:J13) -> 0 | ... N10: =SUM(N11:N13) -> 0 | O10: =SUM(C10:N10) -> 40638.25
A11: B2C | B11: Outbound B2C - Picking and Packing | C11: 5854 | D11: 5286 | E11: 4447 | F11: 6695 | G11: 3606 | H11: 1132 | I11: 1526 | O11: =SUM(C11:N11) -> 28546
A12: B2C | B12: Outbound B2C - Nylon Packing | C12: 1236 | D12: 734 | E12: 617 | F12: 929 | G12: 501 | H12: 157 | I12: 212 | O12: =SUM(C12:N12) -> 4386
A13: B2B | B13: Outbound B2B - Full Carton Pick | C13: 811 | D13: 1340 | E13: 1370 | F13: 1919 | G13: 1025 | H13: 703.25 | I13: 538 | O13: =SUM(C13:N13) -> 7706.25
B14: Additional Services | C14: =SUM(C15:C23) -> 12077 | D14: =SUM(D15:D23) -> 19707 | E14: =SUM(E15:E23) -> 1327 | F14: =SUM(F15:F23) -> 2664.28 | G14: =SUM(G15:G23) -> 4475 | H14: =SUM(H15:H23) -> 1679.93 | I14: =SUM(I15:I23) -> 5752 | J14: =SUM(J15:J23) -> 0 | ... N14: =SUM(N15:N23) -> 0 | O14: =SUM(C14:N14) -> 47682.21
A15: B2C | B15: Returns | C15: 784 | D15: 779 | E15: 616 | F15: 372 | G15: 503 | H15: 506 | I15: 108 | O15: =SUM(C15:N15) -> 3668
A16: B2C | B16: VAS | C16: 8960 | D16: 18928 | E16: 112 | F16: 2291.28 | G16: 928 | H16: 816.93 | I16: 219 | O16: =SUM(C16:N16) -> 32255.21
A17: B2B | B17: VAS | C17: 0 | D17: 0 | E17: 599 | F17: 0 | G17: 4 | H17: 0 | I17: 0 | O17: =SUM(C17:N17) -> 603
A18: B2C | B18: Account Management Hours | C18: 0 | D18: 0 | E18: 0 | F18: 0 | G18: 131 | H18: 357 | I18: 712 | O18: =SUM(C18:N18) -> 1200
A19: B2B | B19: Account Management Hours | C19: 0 | D19: 0 | E19: 0 | F19: 0 | G19: 131 | H19: 0 | I19: 0 | O19: =SUM(C19:N19) -> 131
A20: B2C | B20: Overtime | C20: 0 | D20: 0 | E20: 0 | F20: 0 | G20: 0 | H20: 0 | I20: 0 | O20: =SUM(C20:N20) -> 0
A21: B2B | B21: Overtime | C21: 0 | D21: 0 | E21: 0 | F21: 0 | G21: 1500 | H21: 0 | O21: =SUM(C21:N21) -> 1500
A22: B2C | B22: Consumables Cost | C22: 2160 | D22: 0 | E22: 0 | F22: 0 | G22: 1183 | H22: 0 | I22: 4363 | O22: =SUM(C22:N22) -> 7706
A23: B2C | B23: Consumables Margins | C23: 173 | D23: 0 | E23: 0 | F23: 1 | G23: 95 | H23: 0 | I23: 350 | O23: =SUM(C23:N23) -> 619
A24: B2C | B24: DPD | C24: 22501 | D24: 16150 | E24: 20762 | F24: 28769 | G24: 43334 | H24: 14426 | I24: 18407 | O24: =SUM(C24:N24) -> 164349
A25: B2B | B25: Total B2B | C25: =C4+C5+C7+C8+C13+C17+C19+C21 -> 9390 | D25: =D4+D5+D7+D8+D13+D17+D19+D21 -> 9461 | E25: =E4+E5+E7+E8+E13+E17+E19+E21 -> 12740 | F25: =F4+F5+F7+F8+F13+F17+F19+F21 -> 31038 | G25: =G4+G5+G7+G8+G13+G17+G19+G21 -> 27566 | H25: =H4+H5+H7+H8+H13+H17+H19+H21 -> 27689.32 | I25: =I4+I5+I7+I8+I13+I17+I19+I21 -> 30132 | J25: =J4+J5+J7+J8+J13+J17+J19+J21 -> 0 | ... O25: =O4+O5+O7+O8+O13+O17+O19+O21 -> 148016.32
A26: B2C | B26: Total B2C | C26: =C3+C9+C11+C12+C15+C16+C18+C20+C22+C23+C24 -> 52135 | D26: =D3+D9+D11+D12+D15+D16+D18+D20+D22+D23+D24 -> 47026 | E26: =E3+E9+E11+E12+E15+E16+E18+E20+E22+E23+E24 -> 30105 | F26: =F3+F9+F11+F12+F15+F16+F18+F20+F22+F23+F24 -> 45660.8 | G26: =G3+G9+G11+G12+G15+G16+G18+G20+G22+G23+G24 -> 54776 | H26: =H3+H9+H11+H12+H15+H16+H18+H20+H22+H23+H24 -> 20757.93 | I26: =I3+I9+I11+I12+I15+I16+I18+I20+I22+I23+I24 -> 30156 | J26: =J3+J9+J11+J12+J15+J16+J18+J20+J22+J23+J24 -> 0 | ... O26: =O3+O9+O11+O12+O15+O16+O18+O20+O22+O23+O24 -> 280616.73
A27: Total | B27: Grand Total | C27: =SUM(C25:C26) -> 61525 | D27: =SUM(D25:D26) -> 56487 | E27: =SUM(E25:E26) -> 42845 | F27: =SUM(F25:F26) -> 76698.8 | G27: =SUM(G25:G26) -> 82342 | H27: =SUM(H25:H26) -> 48447.25 | I27: =SUM(I25:I26) -> 60288 | J27: =SUM(J25:J26) -> 0 | ... O27: =SUM(O25:O26) -> 428633.05
A29: 69000 | B29: Credit note

Sheet Macedonia
C4: Macedonia
C7: 2025 | E7: Jan | G7: Feb | I7: Mar | L7: 2025 - TOTAL Q1 | N7: Apr | P7: May | R7: June | T7: 2025 - TOTAL Q2
E8: Quantity | F8: Cost | G8: Quantity | H8: Cost | I8: Quantity | J8: Cost | L8: Quantity | M8: Cost | N8: Quantity | O8: Cost | P8: Quantity | Q8: Cost | R8: Quantity | S8: Cost | T8: Quantity | U8: Cost
C9: Warehouse | D9: Inbound | E9: 3 | F9: 900 | I9: 3 | J9: 300 | L9: =E9+G9+I9 -> 6 | M9: =F9+H9+J9 -> 1200 | P9: 1 | Q9: 300 | R9: 2 | S9: 600 | T9: =N9+P9+R9 -> 3 | U9: =O9+Q9+S9 -> 900
D10: Stock(Truck) | L10: 3 | M10: =F10+H10+J10 -> 0 | P10: 43 | Q10: 1287 | R10: 42 | S10: =1280 -> 1280 | T10: =N10+P10+R10 -> 85 | U10: =O10+Q10+S10 -> 2567
D11: Outbound | L11: =E11+G11+I11 -> 0 | M11: =F11+H11+J11 -> 0 | T11: =N11+P11+R11 -> 0 | U11: =O11+Q11+S11 -> 0
C12: Transportation (delivery) | E12: 3 | F12: 810 | G12: 3 | H12: 540 | I12: 5 | J12: 900 | L12: =E12+G12+I12 -> 11 | M12: =F12+H12+J12 -> 2250 | P12: 5 | Q12: 900 | R12: 6 | S12: 1080 | T12: =N12+P12+R12 -> 11 | U12: =O12+Q12+S12 -> 1980
C13: Total | E13: =SUM(F9:F12) -> 1710 | G13: =SUM(H9:H12) -> 540 | I13: =SUM(J9:J12) -> 1200 | L13: =SUM(M9:M12) -> 3450 | N13: =SUM(O9:O12) -> 0 | P13: =SUM(Q9:Q12) -> 2487 | R13: =SUM(S9:S12) -> 2960 | T13: =SUM(U9:U12) -> 5447
C15: Revenue | E15: 0 | G15: 42328 | I15: =L15-G15 -> 35671 | L15: 77999 | N15: 48215.78 | P15: 39471.67 | R15: 25753.71 | T15: =N15+P15+R15 -> 113441.16
C16: Rate | E16: Mağaza Şubat ayında açıldı | H16: =G13/G15 -> 0.012757513 | J16: =I13/I15 -> 0.033640773 | M16: =L13/L15 -> 0.044231336 | O16: =N13/N15 -> 0 | Q16: =P13/P15 -> 0.063007215 | S16: =R13/R15 -> 0.1149349 | U16: =T13/T15 -> 0.048016082
C19: 2026 | E19: Jan | G19: Feb | I19: Mar | L19: 2026 - TOTAL Q1 | N19: Apr | P19: May | R19: June | T19: 2026 - TOTAL Q2
E20: Quantity | F20: Cost | G20: Quantity | H20: Cost | I20: Quantity | J20: Cost | L20: Quantity | M20: Cost | N20: Quantity | O20: Cost | P20: Quantity | Q20: Cost | R20: Quantity | S20: Cost | T20: Quantity | U20: Cost
C21: Warehouse | D21: Inbound | E21: 1 | F21: 300 | L21: =E21+G21+I21 -> 1 | M21: =F21+H21+J21 -> 300 | N21: 1 | O21: 300 | R21: 1 | S21: 300 | T21: =N21+P21+R21 -> 2 | U21: =O21+Q21+S21 -> 600
D22: Stock(Truck) | L22: =(E22+G22+I22)/3 -> 0 | M22: =F22+H22+J22 -> 0 | T22: =N22+P22+R22 -> 0 | U22: =O22+Q22+S22 -> 0
D23: Outbound | L23: =E23+G23+I23 -> 0 | M23: =F23+H23+J23 -> 0 | T23: =N23+P23+R23 -> 0 | U23: =O23+Q23+S23 -> 0
C24: Transportation (delivery) | E24: 9 | F24: 810 | G24: 2 | H24: 270 | I24: 0 | K24: 0 | L24: =E24+G24+I24 -> 11 | M24: =F24+H24+J24 -> 1080 | N24: 9 | O24: 810 | R24: 2 | S24: 540 | T24: =N24+P24+R24 -> 11 | U24: =O24+Q24+S24 -> 1350
C25: Total Cost | E25: =SUM(F21:F24) -> 1110 | G25: =SUM(H21:H24) -> 270 | I25: =SUM(J21:J24) -> 0 | L25: =SUM(M21:M24) -> 1380 | N25: =SUM(O21:O24) -> 1110 | P25: =SUM(Q21:Q24) -> 0 | R25: =SUM(S21:S24) -> 840 | T25: =SUM(U21:U24) -> 1950
C27: Revenue | E27: 59734 | G27: 38493 | I27: 39506 | L27: =SUM(E27:J27) -> 137733 | N27: 43645 | P27: 38223.72 | R27: 29854.91 | T27: =N27+P27+R27 -> 111723.63
C28: Rate | F28: =E25/E27 -> 0.018582382 | H28: =G25/G27 -> 0.0070142623 | J28: =I25/I27 -> 0 | M28: =L25/L27 -> 0.010019385 | O28: =N25/N27 -> 0.025432466 | Q28: =P25/P27 -> 0 | S28: =R25/R27 -> 0.028136075 | U28: =T25/T27 -> 0.017453783
I29: Mart ayında sevkiyat yapılmadı
C32: 2025 | E32: Ekim | G32: Kasım | I32: Aralık | L32: 2025 - TOTAL Q4
E33: Quantity | F33: Cost | G33: Quantity | H33: Cost | I33: Quantity | J33: Cost | L33: Quantity | M33: Cost
C34: Warehouse | D34: Inbound | E34: 1 | F34: 300 | H34: 900 | J34: 300 | L34: =E34+G34+I34 -> 1 | M34: =F34+H34+J34 -> 1500
D35: Stock(Truck) | L35: =(E35+G35+I35)/3 -> 0 | M35: =F35+H35+J35 -> 0
D36: Outbound | L36: =E36+G36+I36 -> 0 | M36: =F36+H36+J36 -> 0
C37: Transportation (delivery) | F37: 810 | G37: 2 | H37: 540 | I37: 0 | J37: 1080 | K37: 0 | L37: =E37+G37+I37 -> 2 | M37: =F37+H37+J37 -> 2430
C38: Total Cost | E38: =SUM(F34:F37) -> 1110 | G38: =SUM(H34:H37) -> 1440 | I38: =SUM(J34:J37) -> 1380 | L38: =SUM(M34:M37) -> 3930
C40: Revenue | E40: 76143 | G40: 66256 | I40: 60550 | L40: =SUM(E40:J40) -> 202949
C41: Rate | F41: =E38/E40 -> 0.014577834 | H41: =G38/G40 -> 0.021733881 | J41: =I38/I40 -> 0.022791082 | M41: =L38/L40 -> 0.019364471

Sheet Kosovo
C4: Kosovo
C7: 2025 | E7: Jan | G7: Feb | I7: Mar | L7: 2025 - TOTAL Q1 | N7: Apr | P7: May | R7: June | T7: 2025 - TOTAL Q2
E8: Quantity | F8: Cost | G8: Quantity | H8: Cost | I8: Quantity | J8: Cost | L8: Quantity | M8: Cost | N8: Quantity | O8: Cost | P8: Quantity | Q8: Cost | R8: Quantity | S8: Cost | T8: Quantity | U8: Cost
C9: Warehouse | D9: Inbound | L9: =E9+G9+I9 -> 0 | M9: =F9+H9+J9 -> 0 | T9: =N9+P9+R9 -> 0 | U9: =O9+Q9+S9 -> 0
D10: Stock(Truck) | E10: 7 | F10: 3150 | G10: 5 | H10: 2250 | I10: 4 | J10: 1800 | L10: 3 | M10: =F10+H10+J10 -> 7200 | N10: 3 | O10: 1350 | R10: 6 | S10: =R10*450 -> 2700 | T10: =N10+P10+R10 -> 9 | U10: =O10+Q10+S10 -> 4050
D11: Outbound | L11: =E11+G11+I11 -> 0 | M11: =F11+H11+J11 -> 0 | T11: =N11+P11+R11 -> 0 | U11: =O11+Q11+S11 -> 0
C12: Transportation (delivery) | E12: 17 | F12: 2660 | G12: 36 | H12: 7625 | I12: 27 | J12: 3580 | L12: =E12+G12+I12 -> 80 | M12: =F12+H12+J12 -> 13865 | N12: 36 | O12: 7605 | R12: 42 | S12: 8880 | T12: =N12+P12+R12 -> 78 | U12: =O12+Q12+S12 -> 16485
C13: Total | E13: =SUM(F9:F12) -> 5810 | G13: =SUM(H9:H12) -> 9875 | I13: =SUM(J9:J12) -> 5380 | L13: =SUM(M9:M12) -> 21065 | N13: =SUM(O9:O12) -> 8955 | P13: =SUM(Q9:Q12) -> 0 | R13: =SUM(S9:S12) -> 11580 | T13: =SUM(U9:U12) -> 20535
C15: Revenue | G15: 202532 | I15: 154308 | L15: =SUM(E15:J15) -> 356840 | N15: 194062.28 | P15: 168263.84 | R15: 294677.48 | T15: =N15+P15+R15 -> 657003.6
C16: Rate | E16: Mağaza Şubat ayında açıldı | H16: =G13/G15 -> 0.048757727 | J16: =I13/I15 -> 0.034865334 | M16: =L13/L15 -> 0.059032059 | O16: =N13/N15 -> 0.04614498 | Q16: =P13/P15 -> 0 | S16: =R13/R15 -> 0.0392972 | U16: =T13/T15 -> 0.031255536
C19: 2025 | E19: Ekim | G19: Kasım | I19: Aralık | L19: 2025 - TOTAL Q4
E20: Quantity | F20: Cost | G20: Quantity | H20: Cost | I20: Quantity | J20: Cost | L20: Quantity | M20: Cost
C21: Warehouse | D21: Inbound | F21: 3150 | H21: 3150 | J21: 2250 | L21: =E21+G21+I21 -> 0 | M21: =F21+H21+J21 -> 8550
D22: Stock(Truck) | L22: =(E22+G22+I22)/3 -> 0 | M22: =F22+H22+J22 -> 0
D23: Outbound | L23: =E23+G23+I23 -> 0 | M23: =F23+H23+J23 -> 0
C24: Transportation (delivery) | F24: 9145 | H24: 9900 | J24: 12490 | K24: 0 | L24: =E24+G24+I24 -> 0 | M24: =F24+H24+J24 -> 31535
C25: Total Cost | E25: =SUM(F21:F24) -> 12295 | G25: =SUM(H21:H24) -> 13050 | I25: =SUM(J21:J24) -> 14740 | L25: =SUM(M21:M24) -> 40085
C27: Revenue | E27: 282533 | G27: 319986 | I27: 257039 | L27: =SUM(E27:J27) -> 859558
M28: =L25/L27 -> 0.046634433
C30: 2026 | E30: Jan | G30: Feb | I30: Mar | L30: 2026 - TOTAL Q1 | N30: Apr | P30: May | R30: June | T30: 2025 - TOTAL Q2
E31: Quantity | F31: Cost | G31: Quantity | H31: Cost | I31: Quantity | J31: Cost | L31: Quantity | M31: Cost | N31: Quantity | O31: Cost | P31: Quantity | Q31: Cost | R31: Quantity | S31: Cost | T31: Quantity | U31: Cost
C32: Warehouse | D32: Inbound | E32: 2 | F32: 120 | G32: 2 | H32: 120 | I32: 3 | J32: 180 | L32: =E32+G32+I32 -> 7 | M32: =F32+H32+J32 -> 420 | N32: 5 | O32: =60*N32 -> 300 | P32: 4 | Q32: =60*P32 -> 240 | R32: 2 | S32: =60*R32 -> 120 | T32: =N32+P32+R32 -> 11 | U32: =O32+Q32+S32 -> 660
D33: Stock(Truck) | E33: 2 | F33: 420 | G33: 2 | H33: 420 | I33: 3 | J33: 660 | L33: =(E33+G33+I33)/3 -> 2.3333333 | M33: =F33+H33+J33 -> 1500 | N33: 5 | O33: =210*N33 -> 1050 | P33: 4 | Q33: =210*P33 -> 840 | R33: 2 | S33: =210*R33 -> 420 | T33: =N33+P33+R33 -> 11 | U33: =O33+Q33+S33 -> 2310
D34: Outbound | E34: 2 | F34: 120 | G34: 2 | H34: 120 | I34: 3 | J34: 180 | L34: =E34+G34+I34 -> 7 | M34: =F34+H34+J34 -> 420 | N34: 5 | O34: =60*N34 -> 300 | P34: 4 | Q34: =60*P34 -> 240 | R34: 2 | S34: =60*R34 -> 120 | T34: =N34+P34+R34 -> 11 | U34: =O34+Q34+S34 -> 660
C35: Transportation (delivery) | E35: 41 | F35: =5000-660 -> 4340 | G35: 34 | H35: =4090-660 -> 3430 | I35: 39 | J35: =4935-1020 -> 3915 | K35: 0 | L35: =E35+G35+I35 -> 114 | M35: =F35+H35+J35 -> 11685 | N35: 39 | O35: =5665-O32-O33-O34 -> 4015 | P35: 47 | Q35: =6890-Q32-Q33-Q34 -> 5570 | R35: 38.166667 | S35: =5240-S32-S33-S34 -> 4580 | T35: =N35+P35+R35 -> 124.16667 | U35: =O35+Q35+S35 -> 14165
C36: Total Cost | E36: =SUM(F32:F35) -> 5000 | G36: =SUM(H32:H35) -> 4090 | I36: =SUM(J32:J35) -> 4935 | L36: =SUM(M32:M35) -> 14025 | N36: =SUM(O32:O35) -> 5665 | P36: =SUM(Q32:Q35) -> 6890 | R36: =SUM(S32:S35) -> 5240 | T36: =SUM(U32:U35) -> 17795
C38: Revenue | E38: 221990 | G38: 151430 | I38: 185600 | L38: =SUM(E38:J38) -> 559020 | N38: 174221 | P38: 175180 | R38: 137256 | T38: =N38+P38+R38 -> 486657
C39: Rate | F39: =E36/E38 -> 0.022523537 | H39: =G36/G38 -> 0.027009179 | J39: =I36/I38 -> 0.02658944 | M39: =L36/L38 -> 0.025088548 | O39: =N36/N38 -> 0.032516172 | Q39: =P36/P38 -> 0.039330974 | S39: =R36/R38 -> 0.038176837 | U39: =T36/T38 -> 0.036565795

Sheet Netherland
C4: Netherland
C7: 2025 | E7: Jan | G7: Feb | I7: Mar | L7: 2025 - TOTAL Q1 | N7: Apr | P7: May | R7: June | T7: 2025 - TOTAL Q1
E8: Quantity | F8: Cost | G8: Quantity | H8: Cost | I8: Quantity | J8: Cost | L8: Quantity | M8: Cost | N8: Quantity | O8: Cost | P8: Quantity | Q8: Cost | R8: Quantity | S8: Cost | T8: Quantity | U8: Cost
C9: Warehouse | D9: Inbound(box) | E9: 8794 | F9: 5100 | G9: 816 | H9: 474 | I9: 1347 | J9: 781 | L9: =E9+G9+I9 -> 10957 | M9: =F9+H9+J9 -> 6355 | N9: 4205 | O9: 2541.3338 | P9: 2939 | Q9: 1776.21 | R9: 63 | S9: 38.07 | T9: =R9+N9+P9 -> 7207 | U9: =O9+Q9+S9 -> 4355.6138
D10: Stock (Avr. Pallet) | E10: 57 | F10: 3479 | G10: 156 | H10: 7647 | I10: 204 | J10: 9990 | L10: =(E10+G10+I10)/3 -> 139 | M10: =F10+H10+J10 -> 21116 | N10: 2972 | O10: 26578.898 | P10: 3323 | Q10: 23130.67 | R10: 3704 | S10: 26498 | T10: =R10+N10+P10 -> 9999 | U10: =O10+Q10+S10 -> 76207.568
D11: Outbound(box) | E11: 8082 | F11: 811 | G11: 1576 | H11: 1340 | I11: 1612 | J11: 1370 | L11: =E11+G11+I11 -> 11270 | M11: =F11+H11+J11 -> 3521 | N11: 2167 | O11: 1919.31 | P11: 1157 | Q11: 1024.75 | R11: 794 | S11: 703.25 | T11: =R11+N11+P11 -> 4118 | U11: =O11+Q11+S11 -> 3647.31
C12: Transportation (delivery) | E12: 21 | F12: 3385 | G12: 51 | H12: 7030 | I12: 6 | J12: 860 | L12: =E12+G12+I12 -> 78 | M12: =F12+H12+J12 -> 11275 | N12: 7 | O12: 1000 | P12: =18+19 -> 37 | Q12: =794+719 -> 1513 | R12: 18 | S12: 712 | T12: =R12+N12+P12 -> 62 | U12: =O12+Q12+S12 -> 3225
C13: Credit Notes | F13: -7666 | H13: -7666 | J13: -7666 | M13: =F13+H13+J13 -> -22998 | O13: -7666 | Q13: -7666 | S13: -7666 | U13: =O13+Q13+S13 -> -22998
C14: Total | E14: =SUM(F9:F13) -> 5109 | G14: =SUM(H9:H13) -> 8825 | I14: =SUM(J9:J13) -> 5335 | L14: =SUM(M9:M13) -> 19269 | N14: =SUM(O9:O12)+O13 -> 24373.542 | P14: =SUM(Q9:Q12)+Q13 -> 19778.63 | R14: =SUM(S9:S12)+S13 -> 20285.32 | T14: =SUM(U9:U13) -> 64437.492
C16: Ciro | E16: 104615 | G16: 103037 | I16: 68503 | L16: =SUM(E16:J16) -> 276155 | N16: 72846 | P16: 69474 | R16: 49336 | T16: =SUM(N16:S16) -> 191656
C17: Lojistik/Ciro | F17: =E14/E16 -> 0.048836209 | H17: =G14/G16 -> 0.085648845 | J17: =I14/I16 -> 0.077879801 | M17: =L14/L16 -> 0.069776032 | O17: =N14/N16 -> 0.33458999 | Q17: =P14/P16 -> 0.28469111 | S17: =R14/R16 -> 0.41116669 | U17: =T14/T16 -> 0.33621432
C20: 2026 | E20: Jan | G20: Feb | I20: Mar | L20: 2026 - TOTAL Q1 | N20: Apr | P20: May | R20: June | T20: 2026 - TOTAL Q1
E21: Quantity | F21: Cost | G21: Quantity | H21: Cost | I21: Quantity | J21: Cost | L21: Quantity | M21: Cost | N21: Quantity | O21: Cost | P21: Quantity | Q21: Cost | R21: Quantity | S21: Cost | T21: Quantity | U21: Cost
C22: Warehouse | D22: Inbound(pallet) | E22: 23 | F22: 69 | G22: 31 | H22: 93 | I22: 0 | J22: 0 | L22: =E22+G22+I22 -> 54 | M22: =F22+H22+J22 -> 162 | N22: 14 | O22: 42 | P22: 31 | Q22: 93 | S22: 0 | T22: =N22+P22+R22 -> 45 | U22: =O22+Q22+S22 -> 135
D23: Stock (Avr. Pallet) | E23: =(105+88+75+63)/4 -> 82.75 | F23: 1489.5 | G23: =(82+78+67+57)/4 -> 71 | H23: 1278 | I23: =169/4 -> 42.25 | J23: 760.5 | L23: =(E23+G23+I23)/3 -> 65.333333 | M23: =F23+H23+J23 -> 3528 | N23: 40 | O23: 886.5 | P23: 60 | Q23: 1021.5 | R23: 37 | S23: 661.5 | T23: =N23+P23+R23 -> 137 | U23: =O23+Q23+S23 -> 2569.5
D24: Outbound(pallet) | E24: 52 | F24: 156 | G24: 31 | H24: 93 | I24: 17 | J24: 51 | L24: =E24+G24+I24 -> 100 | M24: =F24+H24+J24 -> 300 | N24: 15 | O24: 45 | P24: 25 | Q24: 75 | R24: 7 | S24: 21 | T24: =N24+P24+R24 -> 47 | U24: =O24+Q24+S24 -> 141
C25: Transportation (Pallet) | E25: =18+13+13+16 -> 60 | F25: =717+590+590+684 -> 2581 | G25: =15+4+8 -> 27 | H25: =647+174+323 -> 1144 | I25: =5+5+5+5 -> 20 | J25: =269+248+602.99+285.2 -> 1405.19 | K25: 0 | L25: =E25+G25+I25 -> 107 | M25: =F25+H25+J25 -> 5130.19 | N25: 8 | O25: =54.1+209.79 -> 263.89 | P25: 22 | Q25: =154.49+436.23+396 -> 986.72 | R25: 15 | S25: =179.55+144.72+342 -> 666.27 | T25: =N25+P25+R25 -> 45 | U25: =O25+Q25+S25 -> 1916.88
C26: Total Cost | E26: =SUM(F22:F25) -> 4295.5 | G26: =SUM(H22:H25) -> 2608 | I26: =SUM(J22:J25) -> 2216.69 | L26: =SUM(M22:M25) -> 9120.19 | N26: =SUM(O22:O25) -> 1237.39 | P26: =SUM(Q22:Q25) -> 2176.22 | R26: =SUM(S22:S25) -> 1348.77 | T26: =SUM(U22:U25) -> 4762.38
C28: Ciro | E28: 66484 | G28: 61952 | I28: 109978 | L28: =SUM(E28:J28) -> 238414 | N28: 19785 | P28: 38710 | R28: 28336 | T28: =SUM(N28:S28) -> 86831
C29: Lojistik/Ciro | F29: =E26/E28 -> 0.06460953 | H29: =G26/G28 -> 0.042097107 | J29: =I26/I28 -> 0.020155758 | M29: =L26/L28 -> 0.038253584 | O29: =N26/N28 -> 0.062541825 | Q29: =P26/P28 -> 0.056218548 | S29: =R26/R28 -> 0.047599167 | U29: =T26/T28 -> 0.054846541

Sheet Belgium
F3: =F10/E10/30 -> 1.8404167 | H3: =H10/G10/30 -> 1.7486667 | J3: =J10/I10/30 -> 1.2562252
C4: Belgium
C7: 2025 | E7: Jan | G7: Feb | I7: Mar | L7: 2025 - TOTAL Q1 | N7: Apr | P7: May | R7: June | T7: 2025 - TOTAL Q1
E8: Quantity | F8: Cost | G8: Quantity | H8: Cost | I8: Quantity | J8: Cost | L8: Quantity | M8: Cost | N8: Quantity | O8: Cost | P8: Quantity | Q8: Cost | R8: Quantity | S8: Cost | T8: Quantity | U8: Cost
C9: Warehouse | D9: Inbound | E9: 203 | F9: 1294.36 | G9: 93 | H9: 681.61 | I9: 72 | J9: 454.4 | L9: =E9+G9+I9 -> 368 | M9: =F9+H9+J9 -> 2430.37 | N9: =O9/6 -> 55.08 | O9: 330.48 | P9: =Q9/6 -> 81.045 | Q9: 486.27 | R9: =S9/6 -> 58.4 | S9: 350.4 | T9: =N9+P9+R9 -> 194.525 | U9: =O9+Q9+S9 -> 1167.15
D10: Stock&Handling | E10: 160 | F10: 8834 | G10: 123 | H10: 6452.58 | I10: 151 | J10: 5690.7 | L10: =(E10+G10+I10)/3 -> 144.66667 | M10: =F10+H10+J10 -> 20977.28 | N10: =O10/1.25/30 -> 117.76 | O10: 4416 | P10: =Q10/1.25/30 -> 125.51013 | Q10: 4706.63 | R10: =S10/1.25/30 -> 115.92 | S10: 4347 | T10: =N10+P10+R10 -> 359.19013 | U10: =O10+Q10+S10 -> 13469.63
D11: Outbound | E11: 178 | F11: 1294.36 | G11: 76 | H11: 681.61 | I11: 40 | J11: 454.4 | L11: =E11+G11+I11 -> 294 | M11: =F11+H11+J11 -> 2430.37 | N11: =O11/6 -> 55.08 | O11: 330.48 | P11: =Q11/6 -> 63.168333 | Q11: 379.01 | R11: =S11/6 -> 40.523333 | S11: 243.14 | T11: =N11+P11+R11 -> 158.77167 | U11: =O11+Q11+S11 -> 952.63
C12: Transportation (delivery) | E12: 18 | F12: 7809 | G12: 15 | H12: 5619 | I12: 18 | J12: 5527 | L12: =E12+G12+I12 -> 51 | M12: =F12+H12+J12 -> 18955 | N12: 21 | O12: 5438.51 | P12: 12 | Q12: 3573.72 | R12: 11 | S12: 3372 | T12: =N12+P12+R12 -> 44 | U12: =O12+Q12+S12 -> 12384.23
C13: Total | E13: =SUM(F9:F12) -> 19231.72 | G13: =SUM(H9:H12) -> 13434.8 | I13: =SUM(J9:J12) -> 12126.5 | L13: =SUM(M9:M12) -> 44793.02 | N13: =SUM(O9:O12) -> 10515.47 | P13: =SUM(Q9:Q12) -> 9145.63 | R13: =SUM(S9:S12) -> 8312.54 | T13: =SUM(U9:U12) -> 27973.64
C15: Ciro | E15: 188162 | G15: 126773 | I15: 113256 | L15: =SUM(E15:J15) -> 428191 | N15: 112114.77 | P15: 117994.63 | R15: 108569.62 | T15: =N15+P15+R15 -> 338679.02
C16: Lojistik/Ciro | F16: =E13/E15 -> 0.10220831 | H16: =G13/G15 -> 0.10597525 | J16: =I13/I15 -> 0.10707159 | M16: =L13/L15 -> 0.10460991 | O16: =N13/N15 -> 0.093792013 | Q16: =P13/P15 -> 0.077508866 | S16: =R13/R15 -> 0.076564144 | U16: =T13/T15 -> 0.082596318
C19: 2026 | E19: Jan | G19: Feb | I19: Mar | L19: 2026 - TOTAL Q1 | N19: Apr | P19: May | R19: June | T19: 2025 - TOTAL Q1
E20: Quantity | F20: Cost | G20: Quantity | H20: Cost | I20: Quantity | J20: Cost | L20: Quantity | M20: Cost | N20: Quantity | O20: Cost | P20: Quantity | Q20: Cost | R20: Quantity | S20: Cost | T20: Quantity | U20: Cost
C21: Warehouse | D21: Inbound | E21: 118 | F21: 750.7 | G21: 58 | H21: 774 | L21: =E21+G21+I21 -> 176 | M21: =F21+H21+J21 -> 1524.7 | N21: =33 -> 33 | O21: =N21*4.5+25 -> 173.5 | P21: =33 -> 33 | Q21: =P21*4.5+25 -> 173.5 | R21: =33 -> 33 | S21: =R21*4.5+25 -> 173.5 | T21: =N21+P21+R21 -> 99 | U21: =O21+Q21+S21 -> 520.5
D22: Stock&Handling | E22: 147 | F22: 6363.71 | G22: 112 | H22: 5601.85 | I22: =53+16 -> 69 | J22: 2518.72 | L22: =(E22+G22+I22)/3 -> 109.33333 | M22: =F22+H22+J22 -> 14484.28 | N22: =O22/2.25/30*5 -> 116 | O22: 1566 | P22: =56+15+58 -> 129 | Q22: =949+207.9+779.18 -> 1936.08 | R22: =S22/2.25/30*5 -> 96.308148 | S22: 1300.16 | T22: =N22+P22+R22 -> 341.30815 | U22: =O22+Q22+S22 -> 4802.24
D23: Outbound | E23: 95 | F23: 585 | G23: 81 | H23: 585 | L23: =E23+G23+I23 -> 176 | M23: =F23+H23+J23 -> 1170 | N23: =33 -> 33 | O23: =N23*4.5+25 -> 173.5 | P23: 66 | Q23: =148.5+25+179.69+45 -> 398.19 | R23: =33 -> 33 | S23: =R23*4.5+25 -> 173.5 | T23: =N23+P23+R23 -> 132 | U23: =O23+Q23+S23 -> 745.19
C24: Transportation (delivery) | E24: 14 | F24: 5368.58 | G24: 13 | H24: 4550.74 | I24: 4 | J24: 1453.75 | K24: 0 | L24: =E24+G24+I24 -> 31 | M24: =F24+H24+J24 -> 11373.07 | N24: 16 | O24: =1967.95+800+120+800 -> 3687.95 | P24: 15 | Q24: =1405.97+1936+145.2 -> 3487.17 | R24: =4+9 -> 13 | S24: =811.28+2117.16 -> 2928.44 | T24: =N24+P24+R24 -> 44 | U24: =O24+Q24+S24 -> 10103.56
C25: Total Cost | E25: =SUM(F21:F24) -> 13067.99 | G25: =SUM(H21:H24) -> 11511.59 | I25: =SUM(J21:J24) -> 3972.47 | L25: =SUM(M21:M24) -> 28552.05 | N25: =SUM(O21:O24) -> 5600.95 | P25: =SUM(Q21:Q24) -> 5994.94 | R25: =SUM(S21:S24) -> 4575.6 | T25: =SUM(U21:U24) -> 16171.49
C27: Ciro | E27: 209846 | G27: 94614 | I27: 126119 | L27: =SUM(E27:J27) -> 430579 | N27: 101420 | P27: 103385 | R27: 87741 | T27: =N27+P27+R27 -> 292546
C28: Lojistik/Ciro | F28: =E25/E27 -> 0.062274192 | H28: =G25/G27 -> 0.12166899 | J28: =I25/I27 -> 0.031497792 | M28: =L25/L27 -> 0.066310828 | O28: =N25/N27 -> 0.055225301 | Q28: =P25/P27 -> 0.057986555 | S28: =R25/R27 -> 0.052148938 | U28: =T25/T27 -> 0.055278452

Sheet Kazakhstan
C4: Kazakhstan - Q1
C7: 2025 | E7: Jan | G7: Feb | I7: Mar | L7: 2025 - TOTAL Q1
E8: Quantity | F8: Cost | G8: Quantity | H8: Cost | I8: Quantity | J8: Cost | L8: Quantity | M8: Cost
C9: Warehouse | D9: Inbound | E9: 12933 | F9: 1747.5458 | G9: 10111 | H9: 1372.1335 | I9: 10747 | J9: 1474.9183 | L9: =E9+G9+I9 -> 33791 | M9: =F9+H9+J9 -> 4594.5975
D10: Stock(avr.box) | E10: =390298/30 -> 13009.933 | F10: 11876.94 | G10: =364902/30 -> 12163.4 | H10: 11152.12 | I10: =381313/30 -> 12710.433 | J10: 11785.317 | L10: =(E10+G10+I10) -> 37883.767 | M10: =F10+H10+J10 -> 34814.377
D11: Outbound | E11: 11748 | F11: 2065.8271 | G11: 10156 | H11: 1793.6004 | I11: 6655 | J11: 1188.583 | L11: =E11+G11+I11 -> 28559 | M11: =F11+H11+J11 -> 5048.0104
C12: Depolama | D12: (ortalama Koli) | E12: =390298/30 -> 13009.933 | F12: =SUM(F9:F11) -> 15690.313 | G12: =364902/30 -> 12163.4 | H12: =SUM(H9:H11) -> 14317.854 | I12: =381313/30 -> 12710.433 | J12: =SUM(J9:J11) -> 14448.818 | L12: =(E12+G12+I12) -> 37883.767 | M12: =SUM(M9:M11) -> 44456.985
C13: İç Nakliye | E13: 587.4 | F13: 38712 | G13: =G11/20 -> 507.8 | H13: 31124 | I13: =I11/20 -> 332.75 | J13: 16090 | L13: =E13+G13+I13 -> 1427.95 | M13: =F13+H13+J13 -> 85926
C14: Total Cost | E14: =SUM(F12:F13) -> 54402.313 | G14: =SUM(H12:H13) -> 45441.854 | I14: =SUM(J12:J13) -> 30538.818 | L14: =SUM(M12:M13) -> 130382.99
C16: Ciro | E16: 453383 | G16: 499262 | I16: 634269 | L16: =SUM(E16:J16) -> 1586914
C17: Lojistik/Ciro | F17: =E14/E16 -> 0.11999196 | H17: =G14/G16 -> 0.091018051 | J17: =I14/I16 -> 0.048148055 | M17: =L14/L16 -> 0.082161343
C20: 2026 | E20: Jan | G20: Feb | I20: Mar | L20: 2026 - TOTAL Q1 | O20: Stok Artış Oranı | P20: Maliyet Artış oranı
E21: Quantity | F21: Cost | G21: Quantity | H21: Cost | I21: Quantity | J21: Cost | L21: Quantity | M21: Cost
C22: Warehouse | D22: Inbound | E22: 28329 | F22: 5200.9211 | G22: 6338 | H22: 1181.0229 | I22: 9426 | J22: 1830.0579 | L22: =E22+G22+I22 -> 44093 | M22: =F22+H22+J22 -> 8212.0019
D23: Stock(avr.box) | E23: 22067 | F23: 25035 | G23: 16960 | H23: 24937.953 | I23: 16302 | J23: 27650.937 | L23: =(E23+G23+I23) -> 55329 | M23: =F23+H23+J23 -> 77623.89
D24: Outbound | E24: 11921 | F24: 2188.5764 | G24: 6326 | H24: 1178.7868 | I24: 11274 | J24: 2188.8471 | L24: =E24+G24+I24 -> 29521 | M24: =F24+H24+J24 -> 5556.2103
C25: Depolama | D25: (ortalama Koli) | E25: 22067 | F25: =SUM(F22:F24) -> 32424.497 | G25: 16960 | H25: =SUM(H22:H24) -> 27297.763 | I25: 16302 | J25: =SUM(J22:J24) -> 31669.842 | L25: =(E25+G25+I25) -> 55329 | M25: =F25+H25+J25 -> 91392.102
C26: İç Nakliye | E26: =E24/20 -> 596.05 | F26: 32945.651 | G26: =G24/20 -> 316.3 | H26: 16896.613 | I26: =I24/20 -> 563.7 | J26: 27286.887 | L26: =E26+G26+I26 -> 1476.05 | M26: =F26+H26+J26 -> 77129.151
C27: Total Cost | F27: =SUM(F25:F26) -> 65370.148 | H27: =SUM(H25:H26) -> 44194.376 | J27: =SUM(J25:J26) -> 58956.729 | L27: =SUM(M25:M26) -> 168521.25 | O27: =L25/L12-1 -> 0.46049363 | P27: =L27/L14-1 -> 0.29250954
C29: Ciro | E29: 588375 | G29: 476123 | I29: 689040 | L29: =SUM(E29:J29) -> 1753538
C30: Lojistik/Ciro | F30: =F27/E29 -> 0.11110287 | H30: =H27/G29 -> 0.092821342 | J30: =J27/I29 -> 0.08556358 | M30: =L27/L29 -> 0.096103565
C34: Lojistik Maliyet Karşılaştırması
D36: 2026 Hacim | E36: Logitrans | F36: Hubstream
C37: Gümrükleme | D37: 28 Beyanname | E37: =550000*18*0.0018 -> 17820 | F37: =240000*18*0.0018 -> 7776 | G37: (SMM'ye ekleniyor)
C39: Depo | D39: 55.329 koli | E39: =(55329*19*1.1*30*0.0018)+(82*44093*0.0018*1.1)+(107*29521*0.0018*1.1) -> 75857.568 | F39: =M22+M23+M24 -> 91392.102
C40: İç taşıma | D40: 1.476 Palet | E40: =F40*1.22 -> 94097.564 | F40: =M26 -> 77129.151 | G40: 2026 Q1 Ciro | H40: Lojistik/Ciro
D41: Toplam Lojistik | E41: =SUM(E39:E40) -> 169955.13 | F41: =SUM(F39:F40) -> 168521.25 | G41: 1753538 | H41: =F41/G41 -> 0.096103565
D43: Genel Toplam | E43: =SUM(E37:E40) -> 187775.13 | F43: =SUM(F37:F40) -> 176297.25

Sheet Georgia
C4: Georgia
C7: 2025 | E7: Jan | G7: Feb | I7: Mar | L7: 2025 - TOTAL Q1
E8: Quantity | F8: Cost | G8: Quantity | H8: Cost | I8: Quantity | J8: Cost | L8: Quantity | M8: Cost
C9: Warehouse | D9: Inbound(box) | E9: 251 | F9: 1030.5984 | G9: 262 | H9: 1103.5251 | I9: 132 | J9: 539.21 | L9: =E9+G9+I9 -> 645 | M9: =F9+H9+J9 -> 2673.3335
D10: Stock (Avr. Pallet) | E10: 132 | F10: 1907.7004 | G10: 155 | H10: 2087.176 | I10: 390 | J10: 5743.4 | L10: =(E10+G10+I10)/3 -> 225.66667 | M10: =F10+H10+J10 -> 9738.2764
D11: Outbound(box) | E11: 250 | F11: 1307.025 | G11: 175 | H11: 938.546 | I11: 169 | J11: 1120.25 | L11: =E11+G11+I11 -> 594 | M11: =F11+H11+J11 -> 3365.821
C12: Transportation (delivery) | E12: 250 | F12: 12031 | G12: 177 | H12: 9238.81 | I12: 169 | J12: 8708.8831 | L12: =E12+G12+I12 -> 596 | M12: =F12+H12+J12 -> 29978.693
C13: Total | E13: =SUM(F9:F12) -> 16276.324 | G13: =SUM(H9:H12) -> 13368.057 | I13: =SUM(J9:J12) -> 16111.743 | L13: =SUM(M9:M12) -> 45756.124
C15: Ciro | E15: 286742 | G15: 251237 | I15: 282314 | L15: =SUM(E15:J15) -> 820293
C16: Lojistik/Ciro | F16: =E13/E15 -> 0.056762957 | H16: =G13/G15 -> 0.053208951 | J16: =I13/I15 -> 0.057070294 | M16: =L13/L15 -> 0.05578022
C19: 2026 | E19: Jan | G19: Feb | I19: Mar | L19: 2026 - TOTAL Q1
E20: Quantity | F20: Cost | G20: Quantity | H20: Cost | I20: Quantity | J20: Cost | L20: Quantity | M20: Cost
C21: Warehouse | D21: Inbound(pallet) | E21: 225 | F21: 856.6884 | G21: 130 | H21: 500.42538 | I21: 254 | J21: 996.54512 | L21: =E21+G21+I21 -> 609 | M21: =F21+H21+J21 -> 2353.6589
D22: Stock (Avr. Pallet) | E22: 130 | F22: 1762.5316 | G22: 99 | H22: 1215.7068 | I22: 91 | J22: 1266.1178 | L22: =(E22+G22+I22)/3 -> 106.66667 | M22: =F22+H22+J22 -> 4244.3562
D23: Outbound(pallet) | E23: 233 | F23: 1129.6213 | G23: 206 | H23: 945.966 | I23: 222 | J23: 1109.0543 | L23: =E23+G23+I23 -> 661 | M23: =F23+H23+J23 -> 3184.6416
C24: Transportation (Pallet) | E24: 233 | F24: 11168.98 | G24: 206 | H24: 8915.8076 | I24: 234 | J24: 11366.422 | K24: 0 | L24: =E24+G24+I24 -> 673 | M24: =F24+H24+J24 -> 31451.21
C25: Total Cost | E25: =SUM(F21:F24) -> 14917.821 | G25: =SUM(H21:H24) -> 11577.906 | I25: =SUM(J21:J24) -> 14738.139 | L25: =SUM(M21:M24) -> 41233.866
C27: Ciro | E27: 343072 | G27: 279887 | I27: 359654 | L27: =SUM(E27:J27) -> 982613
C28: Lojistik/Ciro | F28: =E25/E27 -> 0.043483063 | H28: =G25/G27 -> 0.041366358 | J28: =I25/I27 -> 0.040978661 | M28: =L25/L27 -> 0.041963486

Sheet Bosnia
C4: Bosnia Herzegovina
C7: 2025 | E7: Jan | G7: Feb | I7: Mar | L7: 2025 - TOTAL Q1
E8: Quantity | F8: Cost | G8: Quantity | H8: Cost | I8: Quantity | J8: Cost | L8: Quantity | M8: Cost
C9: Warehouse | D9: Inbound | E9: 136 | F9: =E9*1.4 -> 190.4 | G9: 195 | H9: =G9*1.4 -> 273 | I9: 111 | J9: =I9*1.4 -> 155.4 | L9: =E9+G9+I9 -> 442 | M9: =F9+H9+J9 -> 618.8
D10: Stock(Pallet) | E10: 25 | F10: =25*0.23*30 -> 172.5 | G10: =2161/28 -> 77.178571 | H10: =2161*0.23 -> 497.03 | I10: =720/30 -> 24 | J10: =720*0.23 -> 165.6 | L10: =E10+G10+I10 -> 126.17857 | M10: =F10+H10+J10 -> 835.13
D11: Outbound | E11: 136 | F11: =E11*1.4 -> 190.4 | G11: 193 | H11: =G11*1.4 -> 270.2 | I11: 116 | J11: =I11*1.4 -> 162.4 | L11: =E11+G11+I11 -> 445 | M11: =F11+H11+J11 -> 623
C12: Transportation (Truck) | E12: 14 | F12: 5734.75 | G12: 23 | H12: 19733.8 | I12: 12 | J12: 5082.24 | L12: =E12+G12+I12 -> 49 | M12: =F12+H12+J12 -> 30550.79
C13: Total Cost | E13: =SUM(F9:F12) -> 6288.05 | G13: =SUM(H9:H12) -> 20774.03 | I13: =SUM(J9:J12) -> 5565.64 | L13: =SUM(M9:M12) -> 32627.72
C15: Ciro | E15: 211835 | G15: 165115 | I15: 175007 | L15: =SUM(E15:J15) -> 551957
C16: Lojistik/Ciro | F16: =E13/E15 -> 0.029683716 | H16: =G13/G15 -> 0.12581552 | J16: =I13/I15 -> 0.031802385 | M16: =L13/L15 -> 0.059112793
C19: 2026 | E19: Jan | G19: Feb | I19: Mar | L19: 2026 - TOTAL Q1
E20: Quantity | F20: Cost | G20: Quantity | H20: Cost | I20: Quantity | J20: Cost | L20: Quantity | M20: Cost
C21: Warehouse | D21: Inbound | E21: 114 | F21: 159.6 | G21: 142 | H21: 159.6 | I21: 141 | J21: 159.6 | L21: =E21+G21+I21 -> 397 | M21: =F21+H21+J21 -> 478.8
D22: Stock(Pallet) | E22: 33 | F22: =E22*30*0.23 -> 227.7 | G22: 44 | H22: =G22*30*0.23 -> 303.6 | I22: 22 | J22: =I22*30*0.23 -> 151.8 | L22: =E22+G22+I22 -> 99 | M22: =F22+H22+J22 -> 683.1
D23: Outbound | E23: 114 | F23: 159.6 | G23: 142 | H23: 159.6 | I23: 141 | J23: 159.6 | L23: =E23+G23+I23 -> 397 | M23: =F23+H23+J23 -> 478.8
C24: Transportation (Truck) | E24: 12 | F24: =10648.77*0.5113 -> 5444.7161 | G24: 4 | H24: =8379.57*0.5113 -> 4284.4741 | I24: 15 | J24: =15658.91*0.5113 -> 8006.4007 | K24: 0 | L24: =E24+G24+I24 -> 31 | M24: =F24+H24+J24 -> 17735.591
C25: Total Cost | E25: =SUM(F21:F24) -> 5991.6161 | G25: =SUM(H21:H24) -> 4907.2741 | I25: =SUM(J21:J24) -> 8477.4007 | L25: =SUM(M21:M24) -> 19376.291
C27: Ciro | E27: 184075 | G27: 138115 | I27: 197059 | L27: =SUM(E27:J27) -> 519249
C28: Lojistik/Ciro | F28: =E25/E27 -> 0.032549863 | H28: =G25/G27 -> 0.035530349 | J28: =I25/I27 -> 0.043019607 | M28: =L25/L27 -> 0.037315991

Sheet Serbia
C4: Serbia
C7: 2025 | E7: Jan | G7: Feb | I7: Mar | K7: 2025 - TOTAL Q1 | M7: Apr
E8: Quantity | F8: Cost | G8: Quantity | H8: Cost | I8: Quantity | J8: Cost | K8: Quantity | L8: Cost | M8: Quantity | N8: Cost
C9: Warehouse | D9: Inbound | E9: 32866 | F9: 10988.46 | G9: 16210 | H9: 5025.1 | I9: 10213 | J9: 3166.03 | K9: =E9+G9+I9+M9 -> 69084 | L9: =F9+H9+J9 -> 19179.59 | M9: 9795 | N9: 3036.45
D10: Stock(avr.box) | E10: 26676 | F10: 18193.34 | G10: 41579 | H10: 25612.53 | I10: 42256 | J10: 28818.83 | K10: =(E10+G10+I10+M10)/4 -> 36596.25 | L10: =F10+H10+J10 -> 72624.7 | M10: 35874 | N10: 23676.972
D11: Outbound | E11: 18972 | F11: 4373.84 | G11: 11238 | H11: 2472.36 | I11: 16944 | J11: 3727.68 | K11: =E11+G11+I11+M11 -> 56454 | L11: =F11+H11+J11 -> 10573.88 | M11: 9300 | N11: 2046
C12: Transportation ( Pallets) | E12: 838 | F12: 20220 | G12: 397 | H12: 12420 | I12: 595 | J12: 14985 | K12: =E12+G12+I12+M12 -> 2178 | L12: =F12+H12+J12 -> 47625 | M12: 348 | N12: 8750
C13: Total | E13: =SUM(F9:F12) -> 53775.64 | G13: =SUM(H9:H12) -> 45529.99 | I13: =SUM(J9:J12) -> 50697.54 | K13: =SUM(L9:L12) -> 150003.17 | M13: =SUM(N9:N12) -> 37509.422
C15: Ciro | E15: 619667 | G15: 503173 | I15: 525840 | K15: =SUM(E15:J15) -> 1648680 | M15: 569516
C16: Lojistik/Ciro | F16: =E13/E15 -> 0.086781513 | H16: =G13/G15 -> 0.090485757 | J16: =I13/I15 -> 0.096412483 | L16: =K13/K15 -> 0.090983799 | N16: =M13/M15 -> 0.065861928
C19: 2026 | E19: Jan | G19: Feb | I19: Mar | K19: 2026 - TOTAL Q1 | M19: Apr
E20: Quantity | F20: Cost | G20: Quantity | H20: Cost | I20: Quantity | J20: Cost | K20: Quantity | L20: Cost | M20: Quantity | N20: Cost
C21: Warehouse | D21: Inbound | E21: 7756 | F21: 2404.36 | G21: 12 | H21: 3.72 | I21: 10772 | J21: 3383.87 | K21: =E21+G21+I21+M21 -> 29491 | L21: =F21+H21+J21 -> 5791.95 | M21: 10951 | N21: 3394.81
D22: Stock(avr.box) | E22: 38256 | F22: 26090.284 | G22: 33902 | H22: 20883.92 | I22: 25373 | J22: 17304.78 | K22: =(E22+G22+I22+M22)/4 -> 29675.25 | L22: =F22+H22+J22 -> 64278.984 | M22: 21170 | N22: 13972.244
D23: Outbound | E23: 5582 | F23: 1228.04 | G23: 11979 | H23: 2635.38 | I23: 12888 | J23: 2879.91 | K23: =E23+G23+I23+M23 -> 47201 | L23: =F23+H23+J23 -> 6743.33 | M23: 16752 | N23: 3685.44
C24: Transportation ( Pallets) | E24: 313 | F24: 5800 | G24: 501 | H24: 12765 | I24: 722 | J24: 18670 | K24: =E24+G24+I24+M24 -> 2252 | L24: =F24+H24+J24 -> 37235 | M24: 716 | N24: 17090
C25: Total Cost | E25: =SUM(F21:F24) -> 35522.684 | G25: =SUM(H21:H24) -> 36288.02 | I25: =SUM(J21:J24) -> 42238.56 | K25: =SUM(L21:L24) -> 114049.26 | M25: =SUM(N21:N24) -> 38142.494
C27: Ciro | E27: 848681 | G27: 519678 | I27: 682777 | K27: =SUM(E27:J27) -> 2051136 | M27: 612037.61
C28: Lojistik/Ciro | F28: =E25/E27 -> 0.041856344 | H28: =G25/G27 -> 0.069827893 | J28: =I25/I27 -> 0.061862892 | L28: =K25/K27 -> 0.055602975 | N28: =M25/M27 -> 0.062320507

Sheet +Q1 DASHBOARD+
C3: 2026.Q1 LM | D3: MAKEDONYA | E3: KOSOVA | F3: BELÇİKA | G3: HOLLANDA(B2B) | H3: KAZAKİSTAN | I3: GÜRCİSTAN | J3: SERBIA | K3: BOSNIA HERZOGOVINA
C4: Warehouse | D4: =D6-D5 -> 300 | E4: =E6-E5 -> 2340 | F4: =F6-F5 -> 17178.98 | G4: =G6-G5 -> 3990 | H4: =H6-H5 -> 91392.102 | I4: =I6-I5 -> 9782.6566 | J4: =J6-J5 -> 76814.264 | K4: =K6-K5 -> 1640.7
C5: Transportation | D5: =Macedonia!M24 -> 1080 | E5: =Kosovo!M35 -> 11685 | F5: =Belgium!M24 -> 11373.07 | G5: =Netherland!M25 -> 5130.19 | H5: =Kazakhstan!M26 -> 77129.151 | I5: =Georgia!M24 -> 31451.21 | J5: =Serbia!L24 -> 37235 | K5: =Bosnia!M24 -> 17735.591
C6: Total Cost | D6: =Macedonia!L25 -> 1380 | E6: =Kosovo!L36 -> 14025 | F6: =Belgium!L25 -> 28552.05 | G6: =Netherland!L26 -> 9120.19 | H6: =Kazakhstan!L27 -> 168521.25 | I6: =Georgia!L25 -> 41233.866 | J6: =Serbia!K25 -> 114049.26 | K6: =Bosnia!L25 -> 19376.291
C7: Revenue | D7: =Macedonia!L27 -> 137733 | E7: =Kosovo!L38 -> 559020 | F7: =Belgium!L27 -> 430579 | G7: =Netherland!L28 -> 238414 | H7: =Kazakhstan!L29 -> 1753538 | I7: =Georgia!L27 -> 982613 | J7: =Serbia!K27 -> 2051136 | K7: =Bosnia!L27 -> 519249
C9: 2026 Logistics / Revenue | D9: =D6/D7 -> 0.010019385 | E9: =E6/E7 -> 0.025088548 | F9: =F6/F7 -> 0.066310828 | G9: =G6/G7 -> 0.038253584 | H9: =H6/H7 -> 0.096103565 | I9: =I6/I7 -> 0.041963486 | J9: =J6/J7 -> 0.055602975 | K9: =K6/K7 -> 0.037315991
C11: 2025 Logistics / Revenue | D11: =Macedonia!M16 -> 0.044231336 | E11: =Kosovo!M16 -> 0.059032059 | F11: =Belgium!M16 -> 0.10460991 | G11: =Netherland!M17 -> 0.069776032 | H11: =Kazakhstan!M17 -> 0.082161343 | I11: =Georgia!M16 -> 0.05578022 | J11: =Serbia!L16 -> 0.090983799 | K11: =Bosnia!M16 -> 0.059112793
K28: 7887
K29: 5982
K30: 5602

Sheet Sayfa1
C3: 2026 q2
C4: € | D4: Nisan | E4: Mayıs | F4: Haziran
C5: Kosova | D5: 174.221,00 | E5: 175.180,00 | F5: 137256
C6: Makedonya | D6: 43.645,00 | E6: 38.223,72 | F6: 29854.91
C7: Hollanda | D7: 19785 | E7: 38.710,00 | F7: 28336
C8: Belçika | D8: 101.420,00 | E8: 103.385,00 | F8: 87741
C9: Sırbistan | D9: 612.038,00 | E9: 620.165,00 | F9: 469414.57
C10: Bosna | D10: 184.723,00 | E10: 179.487,00 | F10: 145865.24
C11: Kazakistan | D11: 342.198,00 | E11: 373.641,00 | F11: 443321.11
C12: Gürcistan | D12: 314.420,00 | E12: 309.301,53 | F12: 291.662,19
C19: 2025 fy
C20: € | D20: 2025
D21: January'25 | E21: February'25 | F21: March'25 | G21: April'25 | H21: May'25 | I21: June'25 | J21: July'25 | K21: August'25 | L21: September'25 | M21: October'25 | N21: November'25 | O21: December'25
C22: Sırbistan | D22: 619.666,97 | E22: 503.172,96 | F22: 525.839,75 | G22: 569.515,86 | H22: 558.771,49 | I22: 517.941,70 | J22: 616.817,68 | K22: 694.617,17 | L22: 597.336,04 | M22: 782.811,70 | N22: 1.173.633,09 | O22: 1127646.3
C23: Bosna | D23: 211.834,56 | E23: 165.115,45 | F23: 175.006,64 | G23: 191.581,26 | H23: 156.627,52 | I23: 197.462,42 | J23: 310.555,05 | K23: 340.365,96 | L23: 214.287,29 | M23: 224.145,34 | N23: 248.213,21 | O23: 250136.94
C24: Belçika | D24: 188.161,75 | E24: 126.772,91 | F24: 113.256,43 | G24: 112.114,77 | H24: 117.994,63 | I24: 108.569,62 | J24: 153.352,70 | K24: 140.119,49 | L24: 166.864,82 | M24: 177.641,52 | N24: 241.647,34 | O24: 248871.6
C25: Hollanda | D25: 104615 | E25: 103037 | F25: 68503 | G25: 72846 | H25: 69474 | I25: 49336 | J25: 77606 | K25: 80199 | L25: 55883 | M25: 73890 | N25: 101379 | O25: 92757
C26: Kazakistan | D26: 453.382,70 | E26: 499.262,47 | F26: 634.268,75 | G26: 403.610,99 | H26: 425.240,69 | I26: 555.408,28 | J26: 623.299,99 | K26: 670.641,12 | L26: 556.652,78 | M26: 616.277,91 | N26: 692.508,28 | O26: 1179012
C27: Gürcistan | D27: 286.742,47 | E27: 251.236,80 | F27: 282.314,45 | G27: 249.635,13 | H27: 250.486,82 | I27: 359.631,63 | J27: 398.905,33 | K27: 399.422,66 | L27: 329.138,85 | M27: 360.288,50 | N27: 485.719,85 | O27: 577110.31
C28: Makedonya | E28: 42.327,92 | F28: 33.310,62 | G28: 48.215,78 | H28: 39.471,67 | I28: 25.753,71 | J28: 54.307,81 | K28: 46.877,64 | L28: 72.858,49 | M28: 76.143,18 | N28: 66.256,48 | O28: 60549.93
C29: Kosova | E29: 202.532,31 | F29: 154.307,57 | G29: 194.062,28 | H29: 168.263,84 | I29: 294.677,48 | J29: 455.924,13 | K29: 435.582,60 | L29: 280.981,98 | M29: 282.532,94 | N29: 319.986,25 | O29: 257.038,58

Sheet Sheet1 (2)
E3: Birim Fiyat | F3: BOSNA | G3: GÜRCİSTAN | H3: MAKEDONYA | I3: KOSOVA | J3: BELÇİKA | K3: HOLLANDA
E4: INBOUND | F4: 1.41 | G4: 4 | H4: 1.6 | I4: 1.7 | J4: 5.91 | K4: 3
E5: OUTBOUND | F5: 1.41 | G5: 5 | H5: 1.6 | I5: 1.7 | J5: 5.91 | K5: 3
E6: STORAGE | F6: 0.26 | G6: 0.45 | H6: 0.2 | I6: 0.22 | J6: 0.4 | K6: 0.65
E7: TRANSPORTATION | F7: 15 | G7: 26 | H7: 15 | I7: 15 | J7: =192.48/4 -> 48.12 | K7: 38
E9: Hacim | F9: 33 | G9: 33 | H9: 33 | I9: 33 | J9: 33 | K9: 33
E12: Toplam Tutar | F12: BOSNA | G12: GÜRCİSTAN | H12: MAKEDONYA | I12: KOSOVA | J12: BELÇİKA | K12: HOLLANDA
E13: INBOUND | F13: =F4*$G$9 -> 46.53 | G13: =G4*$G$9 -> 132 | H13: =H4*$G$9 -> 52.8 | I13: =I4*$G$9 -> 56.1 | J13: =J4*$G$9 -> 195.03 | K13: =K4*$G$9 -> 99
E14: OUTBOUND | F14: =F5*$G$9 -> 46.53 | G14: =G5*$G$9 -> 165 | H14: =H5*$G$9 -> 52.8 | I14: =I5*$G$9 -> 56.1 | J14: =J5*$G$9 -> 195.03 | K14: =K5*$G$9 -> 99
E15: STORAGE | F15: =F6*$G$9*10 -> 85.8 | G15: =G6*$G$9*10 -> 148.5 | H15: =H6*$G$9*10 -> 66 | I15: =I6*$G$9*10 -> 72.6 | J15: =J6*$G$9*10 -> 132 | K15: =K6*$G$9*10 -> 214.5
E16: TRANSPORTATION | F16: =F9*F7 -> 495 | G16: =G9*G7 -> 858 | H16: =H9*H7 -> 495 | I16: =I9*I7 -> 495 | J16: =J9*J7 -> 1587.96 | K16: =K9*K7 -> 1254
E17: Toplam | F17: =SUM(F13:F16) -> 673.86 | G17: =SUM(G13:G16) -> 1303.5 | H17: =SUM(H13:H16) -> 666.6 | I17: =SUM(I13:I16) -> 679.8 | J17: =SUM(J13:J16) -> 2110.02 | K17: =SUM(K13:K16) -> 1666.5
E19: Palet Başı Maliyet | F19: =F17/F9 -> 20.42 | G19: =G17/G9 -> 39.5 | H19: =H17/H9 -> 20.2 | I19: =I17/I9 -> 20.6 | J19: =J17/J9 -> 63.94 | K19: =K17/K9 -> 50.5 | P19: 1500000
O22: Cross Dock | P22: B2B Satış | Q22: Oran
N23: Hollanda | O23: 34068 | P23: 949524 | Q23: =O23/P23 -> 0.03587903
O29: 432000 | P29: 466000 | Q29: =P29/P19 -> 0.31066667
